Date,Open,High,Low,Close,Volume,Dividends,Stock Splits,MA20,BBL,BBM,BBU,MACD,MACD_signal,MACD_diff,KD_K,KD_D,RSI
2024-10-25 00:00:00-04:00,15.5,19.799999237060547,15.5,16.549999237060547,1950600,0.0,0.0,,,,,,,,,,
2024-10-28 00:00:00-04:00,17.790000915527344,18.979999542236328,16.895999908447266,17.0,673800,0.0,0.0,,,,,,,,,,
2024-10-29 00:00:00-04:00,16.799999237060547,17.350000381469727,15.050000190734863,15.40999984741211,544100,0.0,0.0,,,,,,,,,,
2024-10-30 00:00:00-04:00,15.520000457763672,15.899999618530273,15.220000267028809,15.25,174300,0.0,0.0,,,,,,,,,,
2024-10-31 00:00:00-04:00,14.9399995803833,14.979999542236328,14.512999534606934,14.770000457763672,92100,0.0,0.0,,,,,,,,,,
2024-11-01 00:00:00-04:00,14.770000457763672,15.810999870300293,14.097999572753906,14.520000457763672,330600,0.0,0.0,,,,,,,,,,
2024-11-04 00:00:00-05:00,14.279999732971191,15.600000381469727,14.1899995803833,15.460000038146973,178800,0.0,0.0,,,,,,,,,,
2024-11-05 00:00:00-05:00,15.6899995803833,16.0,15.135000228881836,15.569999694824219,173500,0.0,0.0,,,,,,,,,,
2024-11-06 00:00:00-05:00,15.0,15.699000358581543,14.600000381469727,15.510000228881836,114100,0.0,0.0,,,,,,,,24.763253932945084,,
2024-11-07 00:00:00-05:00,15.920000076293945,15.920000076293945,15.109999656677246,15.65999984741211,58100,0.0,0.0,,,,,,,,31.99508980791335,,
2024-11-08 00:00:00-05:00,15.760000228881836,15.760000228881836,15.020000457763672,15.5,111600,0.0,0.0,,,,,,,,43.111933536072165,33.29009242564353,
2024-11-11 00:00:00-05:00,15.9399995803833,22.690000534057617,15.75,22.469999313354492,997300,0.0,0.0,,,,,,,,97.43946466377324,57.51549600258625,
2024-11-12 00:00:00-05:00,21.780000686645508,21.780000686645508,16.59000015258789,17.18000030517578,445400,0.0,0.0,,,,,,,,35.8705817923259,58.80732666405711,
2024-11-13 00:00:00-05:00,17.760000228881836,20.700000762939453,17.559999465942383,19.040000915527344,317700,0.0,0.0,,,,,,,,57.518631166721384,63.60955920760684,58.47669976660576
2024-11-14 00:00:00-05:00,19.260000228881836,19.989999771118164,15.760000228881836,15.789999961853027,276700,0.0,0.0,,,,,,,,18.823531787700453,37.40424824891591,47.43888949381303
2024-11-15 00:00:00-05:00,16.06999969482422,18.0,16.06999969482422,17.3700008392334,150500,0.0,0.0,,,,,,,,34.239807237550956,36.860656730657595,52.165995419468175
2024-11-18 00:00:00-05:00,19.0,21.8700008392334,18.010000228881836,18.329999923706055,402000,0.0,0.0,,,,,,,,46.10629755109643,33.05654552544928,54.82446838244677
2024-11-19 00:00:00-05:00,19.0,19.649999618530273,18.530000686645508,19.290000915527344,133000,0.0,0.0,,,,,,,,55.6714526113393,45.33918579999556,57.37563584220275
2024-11-20 00:00:00-05:00,19.989999771118164,19.989999771118164,17.299999237060547,17.700000762939453,163600,0.0,0.0,,,,,,,,34.94133348784432,45.57302788342668,52.12521932103829
2024-11-21 00:00:00-05:00,18.200000762939453,18.59000015258789,17.700000762939453,18.200000762939453,88900,0.0,0.0,16.828500175476073,13.042492846331182,16.828500175476073,20.614507504620963,,,,35.3026019366458,41.971796011943134,53.56426986072513
2024-11-22 00:00:00-05:00,18.15999984741211,19.940000534057617,17.690000534057617,19.864999771118164,135000,0.0,0.0,16.994250202178954,12.987691502339645,16.994250202178954,21.000808902018264,,,,67.18492851345445,45.80962131264818,58.08273415206923
2024-11-25 00:00:00-05:00,19.979999542236328,21.260000228881836,18.25,18.270000457763672,196200,0.0,0.0,17.05775022506714,13.01276756323523,17.05775022506714,21.102732886899048,,,,41.08019604170569,47.85590883060198,52.784000575953876
2024-11-26 00:00:00-05:00,18.649999618530273,19.389999389648438,17.350000381469727,17.5,112400,0.0,0.0,17.162250232696532,13.185529920754071,17.162250232696532,21.138970544638994,,,,28.47789848286196,45.5810076793407,50.39388953801066
2024-11-27 00:00:00-05:00,17.809999465942383,18.25,16.520000457763672,17.15999984741211,107300,0.0,0.0,17.257750225067138,13.37877042780062,17.257750225067138,21.13673002233366,,,,18.79310237099831,29.450398965188654,49.331669715473716
2024-11-29 00:00:00-05:00,17.15999984741211,17.843000411987305,17.100000381469727,17.3700008392334,34500,0.0,0.0,17.387750244140626,13.680510771581856,17.387750244140626,21.094989716699395,,,,15.887856464717084,21.052952439525786,50.03224255801577
2024-12-02 00:00:00-05:00,17.530000686645508,17.68000030517578,16.299999237060547,16.729999542236328,108900,0.0,0.0,17.498250198364257,14.01450035414722,17.498250198364257,20.982000042581294,0.2649121387742639,,,8.669359257887711,14.450106031201036,47.86035751153111
2024-12-03 00:00:00-05:00,16.59000015258789,17.309999465942383,16.549999237060547,17.139999389648438,132000,0.0,0.0,17.58225016593933,14.220247045159143,17.58225016593933,20.944253286719523,0.20866249799252756,,,16.935483560849985,13.830899761151594,49.37645437621675
2024-12-04 00:00:00-05:00,17.219999313354492,17.540000915527344,16.5,16.940000534057617,65400,0.0,0.0,17.650750207901,14.401602244608075,17.650750207901,20.89989817119393,0.14626002174326658,,,12.90324937540113,12.836030731379608,48.63356608204747
2024-12-05 00:00:00-05:00,16.989999771118164,17.030000686645508,15.880000114440918,15.949999809265137,91800,0.0,0.0,17.672750186920165,14.47634990219031,17.672750186920165,20.86915047165002,0.01672799510591716,,,1.3011095415467853,10.3799474925993,45.02257335353826
2024-12-06 00:00:00-05:00,16.850000381469727,16.979999542236328,15.899999618530273,16.809999465942383,120500,0.0,0.0,17.73025016784668,14.641175101671292,17.73025016784668,20.81932523402207,-0.01634388215542515,,,17.286232931578834,10.496863949508915,48.59330821199794
2024-12-09 00:00:00-05:00,17.75,18.5,16.5,17.15999984741211,217400,0.0,0.0,17.813250160217287,14.883222397057436,17.813250160217287,20.743277923377136,-0.014148383685615329,,,36.46723638982845,18.351526287651357,50.01615385956645
2024-12-10 00:00:00-05:00,17.0,17.0,15.84000015258789,15.920000076293945,209800,0.0,0.0,17.485750198364258,15.355995650572682,17.485750198364258,19.615504746155835,-0.11118438931914199,,,3.007516101321807,18.92032847424303,45.23880428131231
2024-12-11 00:00:00-05:00,16.0,16.5,15.850000381469727,16.0,142000,0.0,0.0,17.42675018310547,15.20307652053992,17.42675018310547,19.650423845671018,-0.1795609309948496,,,6.015032202643614,15.163261564597958,45.59982297743647
2024-12-12 00:00:00-05:00,16.239999771118164,16.479999542236328,15.649999618530273,16.040000915527344,60400,0.0,0.0,17.27675018310547,15.104464824622053,17.27675018310547,19.449035541588888,-0.22789506091529077,-0.029366703743250403,-0.19852835717204037,13.684254203360815,7.568934169108746,45.79225756512979
2024-12-13 00:00:00-05:00,16.0,16.25,15.649999618530273,16.200000762939453,47600,0.0,0.0,17.29725022315979,15.174295845223408,17.29725022315979,19.42020460109617,-0.25040306592076433,-0.07357397617875319,-0.17682908974201114,19.29828318568672,12.999189863897051,46.60585722734798
2024-12-16 00:00:00-05:00,16.190000534057617,16.200000762939453,15.649999618530273,16.0,54500,0.0,0.0,17.22875018119812,15.0324625484701,17.22875018119812,19.42503781392614,-0.28113842339976003,-0.11508686562295456,-0.16605155777680547,12.2807134955271,15.087750294858212,45.68286188533482
2024-12-17 00:00:00-05:00,15.75,15.960000038146973,15.350000381469727,15.65999984741211,89000,0.0,0.0,17.095250177383424,14.858727053318765,17.095250177383424,19.33177330144808,-0.3291374942988625,-0.15789699135813617,-0.17124050294072635,9.841254078850408,13.806750253354743,44.08449305118857
2024-12-18 00:00:00-05:00,15.720000267028809,15.930000305175781,14.142000198364258,14.680000305175781,139200,0.0,0.0,16.864750146865845,14.630289393859726,16.864750146865845,19.099210899871963,-0.44116935100164056,-0.21455146328683705,-0.2266178877148035,12.345115449743462,11.489027674706989,39.76568760575584
2024-12-19 00:00:00-05:00,15.239999771118164,15.5,14.5,15.069999694824219,46400,0.0,0.0,16.733250093460082,14.403369641756122,16.733250093460082,19.063130545164043,-0.49280496433241083,-0.27020216349595183,-0.222602800836459,21.294161053234635,14.493510193942834,42.192760167012324
2024-12-20 00:00:00-05:00,14.65999984741211,16.440000534057617,14.65999984741211,14.699999809265137,139500,0.0,0.0,16.55825004577637,14.170281727136615,16.55825004577637,18.946218364416122,-0.5571598663389246,-0.3275937040645464,-0.22956616227437815,19.524130497892774,17.721135666956958,40.5244445320255
2024-12-23 00:00:00-05:00,14.899999618530273,15.163999557495117,14.220000267028809,14.75,79300,0.0,0.0,16.30250005722046,14.325685609518748,16.30250005722046,18.279314504922173,-0.5972423542188672,-0.38152343409541056,-0.21571892012345661,25.784556945847633,22.20094949899168,40.86472861239246
2024-12-24 00:00:00-05:00,14.920000076293945,15.0,14.569999694824219,14.6899995803833,35700,0.0,0.0,16.12350001335144,14.245881497743369,16.12350001335144,18.00111852895951,-0.6266261903994295,-0.4305439853562144,-0.19608220504321505,23.438816758240637,22.91583473399368,40.56479871403949
2024-12-26 00:00:00-05:00,14.520000457763672,14.805999755859375,14.260000228881836,14.579999923706055,67600,0.0,0.0,15.977500009536744,14.09661847461833,15.977500009536744,17.85838154445516,-0.6512815766530444,-0.47469150361558043,-0.176590073037464,19.060037482964177,22.761137062350816,39.985377926845544
2024-12-27 00:00:00-05:00,14.40999984741211,14.531000137329102,14.0,14.199999809265137,82400,0.0,0.0,15.829500007629395,13.879541145187211,15.829500007629395,17.77945887007158,-0.6934898618880236,-0.5184511752700691,-0.17503868661795452,8.19671170040875,16.898521980537854,37.967769373007876
2024-12-30 00:00:00-05:00,14.229999542236328,14.289999961853027,13.59000015258789,13.850000381469727,79600,0.0,0.0,15.653499984741211,13.65662975246547,15.653499984741211,17.650370217016953,-0.7465761951368517,-0.5640761792434257,-0.18250001589342602,9.122813827405718,12.126521003592883,36.15805888507219
2024-12-31 00:00:00-05:00,13.930000305175781,14.65999984741211,13.770000457763672,14.180000305175781,39000,0.0,0.0,15.526000022888184,13.495006235320796,15.526000022888184,17.55699381045557,-0.7533352806044036,-0.6019279995156213,-0.15140728108878232,20.70175696901596,12.67376083227681,39.10522903805728
2025-01-02 00:00:00-05:00,14.180000305175781,14.430000305175781,14.0,14.1899995803833,54500,0.0,0.0,15.378500032424927,13.410279663237365,15.378500032424927,17.34672040161249,-0.749248179964372,-0.6313920356053714,-0.1178561443590006,21.052608683722152,16.95905982671461,39.19682256185286
2025-01-03 00:00:00-05:00,14.109999656677246,14.317000389099121,13.329999923706055,13.890000343322754,165800,0.0,0.0,15.226000022888183,13.29303962194314,15.226000022888183,17.158960423833225,-0.7614391578613215,-0.6574014600565614,-0.10403769780476013,18.00644082682014,19.92026882651942,37.38020799664719
2025-01-06 00:00:00-05:00,14.0,14.0,12.85200023651123,13.109999656677246,118200,0.0,0.0,15.08400001525879,12.975366269256224,15.08400001525879,17.192633761261355,-0.8245354014974762,-0.6908282483447443,-0.13370715315273185,11.159147748201857,16.73939908624805,33.08658952467218
2025-01-07 00:00:00-05:00,13.15999984741211,14.380000114440918,13.154999732971191,13.789999961853027,121100,0.0,0.0,14.93300004005432,12.9095859174327,14.93300004005432,16.95641416267594,-0.8103283269932877,-0.714728264074453,-0.09560006291883472,43.66852088560302,24.278036486875006,39.60012229327
2025-01-08 00:00:00-05:00,13.720000267028809,13.720000267028809,13.0,13.050000190734863,42300,0.0,0.0,14.727500057220459,12.818962450056574,14.727500057220459,16.636037664384343,-0.8489942380892526,-0.741581458877413,-0.10741277921183956,10.13306053881148,21.65357639087212,35.5451243720986
2025-01-10 00:00:00-05:00,13.130000114440918,13.399999618530273,12.550000190734863,12.8100004196167,40200,0.0,0.0,14.572000074386597,12.572814106984472,14.572000074386597,16.57118604178872,-0.8887581759534751,-0.7710168022926255,-0.11774137366084958,12.322287733983579,22.041289719466025,34.317750574169594
2025-01-13 00:00:00-05:00,12.619999885559082,13.039999961853027,12.220000267028809,12.220000267028809,98800,0.0,0.0,14.383000087738036,12.249363658142595,14.383000087738036,16.516636517333477,-0.9568494992620451,-0.8081833416865095,-0.14866615757553558,0.0,7.485116090931688,31.44332387352162
2025-01-14 00:00:00-05:00,12.3100004196167,12.710000038146973,12.295999526977539,12.300000190734863,26000,0.0,0.0,14.196000051498412,12.020873451733136,14.196000051498412,16.371126651263687,-0.992911374045633,-0.8451289481583343,-0.14778242588729873,3.278685961638053,5.200324565207214,32.271694644398835
2025-01-15 00:00:00-05:00,12.90999984741211,13.0,12.399999618530273,12.460000038146973,21500,0.0,0.0,14.009000015258788,11.913568052685925,14.009000015258788,16.104431977831652,-0.9970862297201784,-0.8755204044707031,-0.12156582524947523,10.859717962692779,4.712801308110279,33.9896108833899
2025-01-16 00:00:00-05:00,12.720000267028809,12.954999923706055,12.479999542236328,12.619999885559082,19400,0.0,0.0,13.840000009536743,11.872860160352396,13.840000009536743,15.80713985872109,-0.9762308014127132,-0.8956624838591052,-0.08056831755360805,18.518502166077095,10.88563536346931,35.74480323207092
2025-01-17 00:00:00-05:00,12.699999809265137,13.600000381469727,12.699999809265137,13.25,62500,0.0,0.0,13.719500017166137,11.9254269099932,13.719500017166137,15.513573124339073,-0.8985095216561607,-0.8962318914185163,-0.002277630237644379,47.6851761913424,25.68779877337076,42.25551783567597
2025-01-21 00:00:00-05:00,13.25,13.25,12.5,12.819999694824219,30500,0.0,0.0,13.62649998664856,11.848464470551821,13.62649998664856,15.404535502745297,-0.8616793750044405,-0.8893213881357012,0.02764201313126069,27.777753249115644,31.327143868845052,39.32652196996054
2025-01-22 00:00:00-05:00,13.329999923706055,14.229999542236328,12.8100004196167,13.90999984741211,86300,0.0,0.0,13.568499994277953,11.911004759669005,13.568499994277953,15.225995228886902,-0.7360525598998766,-0.8586676224885363,0.12261506258865973,84.0796114321394,53.18084695753248,48.98064394308458
2025-01-23 00:00:00-05:00,14.0,15.5,13.510000228881836,14.5,187700,0.0,0.0,13.558500003814697,11.926210035891367,13.558500003814697,15.190789971738026,-0.582173389911798,-0.8033687759731888,0.22119538606139078,69.51219263990156,60.4565191070522,53.31113782369039
2025-01-24 00:00:00-05:00,15.5,15.5,14.640000343322754,15.319999694824219,95200,0.0,0.0,13.586999988555908,11.855594973267584,13.586999988555908,15.318405003844232,-0.38956525099029626,-0.7206080709766104,0.33104281998631413,94.51218537104185,82.70132981436093,58.57399688752046
2025-01-27 00:00:00-05:00,15.5,16.280000686645508,14.300000190734863,14.350000381469727,90800,0.0,0.0,13.57000002861023,11.87597534389752,13.57000002861023,15.264024713322938,-0.3116008110089634,-0.638806618983081,0.3272058079741176,51.55623134063973,71.86020311719437,51.219007832458864
2025-01-28 00:00:00-05:00,14.449999809265137,15.197999954223633,14.350000381469727,14.539999961853027,33900,0.0,0.0,13.568000030517577,11.878661802415817,13.568000030517577,15.257338258619338,-0.23180989223507353,-0.5574072736334795,0.325597381398406,55.15463284040511,67.07434985069555,52.477759269297714
2025-01-29 00:00:00-05:00,14.739999771118164,15.5,14.680000305175781,15.1899995803833,48500,0.0,0.0,13.617500019073486,11.803566608679546,13.617500019073486,15.431433429467425,-0.11480211003961038,-0.4688862409147057,0.3540841308750953,71.31576900007278,59.342211060372534,56.603389524452766
2025-01-30 00:00:00-05:00,15.380000114440918,15.399999618530273,14.46500015258789,14.949999809265137,68400,0.0,0.0,13.672499990463256,11.769199098748768,13.672499990463256,15.575800882177745,-0.040966340943876745,-0.38330226092053993,0.3423359199766632,64.81479799516502,63.76173327854764,54.7146190621767
2025-01-31 00:00:00-05:00,15.140000343322754,15.225000381469727,14.649999618530273,14.6899995803833,24400,0.0,0.0,13.697999954223633,11.754934576783935,13.697999954223633,15.64106533166333,-0.0033917100139326806,-0.30732015073921853,0.30392844072528585,57.93648631124392,64.68901776882724,52.664394530649595
2025-02-03 00:00:00-05:00,14.25,14.989999771118164,13.850000381469727,14.319999694824219,52600,0.0,0.0,13.704499959945679,11.754038970912442,13.704499959945679,15.654960948978916,-0.00342990502779017,-0.24654210159693288,0.2431121965691427,43.51582590800369,55.42237007147088,49.80431842486504
2025-02-04 00:00:00-05:00,14.645000457763672,14.800000190734863,14.229999542236328,14.579999923706055,25600,0.0,0.0,13.738999938964843,11.752557129721774,13.738999938964843,15.725442748207913,0.017320016339708033,-0.1937696780096047,0.21108969434931274,38.628141443993506,46.69348455441371,51.78580983750642
2025-02-05 00:00:00-05:00,14.5,14.579999923706055,13.800000190734863,13.800000190734863,43700,0.0,0.0,13.773499965667725,11.808096708790622,13.773499965667725,15.738903222544828,-0.028842502784195645,-0.16078424296452293,0.13194174018032728,0.0,27.38132245066573,45.928316866086014
2025-02-06 00:00:00-05:00,14.75,16.020000457763672,14.5600004196167,15.930000305175781,142600,0.0,0.0,13.880499982833863,11.701725501540821,13.880499982833863,16.059274464126904,0.10523350991212688,-0.10758069238919298,0.21281420230131987,85.8870842144244,41.50507521947264,59.425054490439564
2025-02-07 00:00:00-05:00,16.6299991607666,16.649999618530273,15.5649995803833,15.9399995803833,102000,0.0,0.0,14.024999952316284,11.706832785536019,14.024999952316284,16.34316711909655,0.20987723970600314,-0.04408910597015375,0.2539663456761569,75.08771295802728,53.65826572415057,59.47619237283168
2025-02-10 00:00:00-05:00,16.25,16.899999618530273,15.15999984741211,15.989999771118164,99900,0.0,0.0,14.183999919891358,11.786131045438713,14.183999919891358,16.581868794344004,0.2934599236805546,0.02342069995998792,0.2700392237205667,70.64516079413399,77.20665265552856,59.74937010717877
2025-02-11 00:00:00-05:00,15.800000190734863,16.350000381469727,15.510000228881836,15.899999618530273,47900,0.0,0.0,14.36799988746643,12.03737266445216,14.36799988746643,16.6986271104807,0.3484211605062484,0.08842079206924001,0.26000036843700836,67.74192952960775,71.15826776058968,58.978668463328155
2025-02-12 00:00:00-05:00,16.049999237060547,16.799999237060547,15.600000381469727,16.559999465942383,99500,0.0,0.0,14.580999851226807,12.26669753828692,14.580999851226807,16.895302164166694,0.4401609075506361,0.15876881516551922,0.28139209238511687,89.0322511178757,75.80644714720582,62.77110540347413
2025-02-13 00:00:00-05:00,16.700000762939453,17.3799991607666,16.18000030517578,17.170000076293945,105900,0.0,0.0,14.816499853134156,12.455353821278425,14.816499853134156,17.177645884989886,0.5556817163735648,0.23815139540712832,0.31753032096643646,94.13410209805745,83.63609424851364,65.90821355993
2025-02-14 00:00:00-05:00,35.72999954223633,42.2400016784668,27.530000686645508,31.5,21075400,0.0,0.0,15.760499858856202,8.229671249126842,15.760499858856202,23.29132846858556,1.7829908144492919,0.547119279215561,1.2358715352337308,62.236282993516454,81.8008787364832,89.11437521289508
2025-02-18 00:00:00-05:00,42.52000045776367,44.0,38.70000076293945,40.400001525878906,10528600,0.0,0.0,17.117999935150145,4.09868196944451,17.117999935150145,30.13731790085578,3.434210419684728,1.1245375073093946,2.3096729123753335,88.07947517596791,81.48328675584729,92.51992957441895
2025-02-19 00:00:00-05:00,38.70000076293945,38.9900016784668,33.0,34.0099983215332,4642900,0.0,0.0,18.177499866485597,3.3996163726258803,18.177499866485597,32.955383360345316,4.179020847147193,1.7354341752769544,2.4435866718702384,66.06656990197983,72.12744269048808,74.49888678290203
2025-02-20 00:00:00-05:00,33.0099983215332,33.099998474121094,27.510000228881836,27.59000015258789,3835500,0.0,0.0,18.861499881744386,3.6762722733345576,18.861499881744386,34.04672749015421,4.202801005076314,2.2289075412368264,1.9738934638394872,43.09986213387868,65.74863573727548,61.53129843021096
2025-02-21 00:00:00-05:00,29.600000381469727,30.049999237060547,23.200000762939453,24.420000076293945,5184800,0.0,0.0,19.357499885559083,4.126547120122982,19.357499885559083,34.58845265099518,3.920659515828369,2.567257936155135,1.3534015796732342,32.10818370280387,47.09153857955413,56.31851503321101
2025-02-24 00:00:00-05:00,28.15999984741211,28.170000076293945,23.8799991607666,24.049999237060547,7114300,0.0,0.0,19.793999862670898,4.550528417570124,19.793999862670898,35.03747130777167,3.6254128745034855,2.7788889238248053,0.8465239506786801,29.975426734949167,35.06115752387725,55.725108068895196
2025-02-25 00:00:00-05:00,23.520000457763672,23.520000457763672,20.621000289916992,22.329999923706055,3402400,0.0,0.0,20.192999839782715,5.123645143502184,20.192999839782715,35.26235453606324,3.215571112006959,2.866225361461236,0.3493457505457229,23.697181805048952,28.593597414267336,52.932963502113864
2025-02-26 00:00:00-05:00,22.59000015258789,24.548999786376953,22.049999237060547,23.34000015258789,2801100,0.0,0.0,20.632999849319457,5.736675081158442,20.632999849319457,35.52932461748047,2.938395149824963,2.8806593191339815,0.05773583069098143,25.736879676329377,26.4698294054425,54.37851730007947
2025-02-27 00:00:00-05:00,24.145000457763672,24.25,19.51099967956543,19.829999923706055,2636200,0.0,0.0,20.864999866485597,6.171841357939989,20.864999866485597,35.558158375031205,2.4077484928219945,2.7860771538715845,-0.37832866104958995,1.3026266485628604,16.912229376647065,48.77240339259576
2025-02-28 00:00:00-05:00,18.989999771118164,20.489999771118164,18.780000686645508,19.950000762939453,1972800,0.0,0.0,21.11499991416931,6.664778241184733,21.11499991416931,35.565221587153886,1.9741336747349045,2.6236884580442483,-0.6495547833093438,4.639175686552882,10.55956067048171,48.96611471719504
2025-03-03 00:00:00-05:00,20.3700008392334,20.5,16.969999313354492,17.600000381469727,2350400,0.0,0.0,21.260499954223633,7.014828898182939,21.260499954223633,35.506171010264325,1.424445297657865,2.3838398259669717,-0.9593945283091068,2.8610399657058405,2.934280766940532,45.349580050857234
2025-03-04 00:00:00-05:00,16.75,17.920000076293945,16.040000915527344,16.8799991607666,2531900,0.0,0.0,21.38849992752075,7.350079199589485,21.38849992752075,35.426920655452015,0.9201087761008679,2.091093615993751,-1.170984839892883,4.923788777543638,4.141334809934125,44.27072377496148
2025-03-05 00:00:00-05:00,18.0,18.8700008392334,17.1200008392334,17.799999237060547,4555200,0.0,0.0,21.549499893188475,7.755374130410759,21.549499893188475,35.34362565596619,0.5878780741169756,1.7904505076183959,-1.2025724335014203,12.562444913559386,6.782424552269627,46.03726426211606
2025-03-06 00:00:00-05:00,17.149999618530273,17.209999084472656,15.850000381469727,15.949999809265137,2557100,0.0,0.0,21.65699987411499,8.074230948522652,21.65699987411499,35.23976879970733,0.173305597420935,1.4670215255789039,-1.2937159281579689,0.81168368727656,6.099305792793199,43.08003717100829
2025-03-07 00:00:00-05:00,16.5,16.639999389648438,15.600000381469727,16.389999389648438,2530300,0.0,0.0,21.679999828338623,8.134592868685921,21.679999828338623,35.225406787991325,-0.11837720950317276,1.1499417785624886,-1.2683189880656613,8.827791493041236,7.400640031292398,44.001372871057974
2025-03-10 00:00:00-04:00,15.989999771118164,16.479999542236328,15.364999771118164,16.010000228881836,1642800,0.0,0.0,21.68349986076355,8.143992512858954,21.68349986076355,35.22300720866815,-0.37586792052192664,0.8447798387456056,-1.2206477592675322,7.023088596385383,5.5541879255677316,43.34877570045217
2025-03-11 00:00:00-04:00,15.760000228881836,17.040000915527344,15.670000076293945,16.309999465942383,2827000,0.0,0.0,21.69949984550476,8.18621201942831,21.69949984550476,35.21278767158121,-0.5493906988990602,0.5659457312166725,-1.1153364301157327,10.635899498937272,8.828926529454636,44.05422924054741
2025-03-12 00:00:00-04:00,16.5,17.399999618530273,16.360000610351562,16.579999923706055,2370400,0.0,0.0,21.73349986076355,8.2754413388385,21.73349986076355,35.191558382688605,-0.6575422329182423,0.3212481383896895,-0.9787903713079318,23.661150894485182,13.773379663269283,44.72141242012643
2025-03-13 00:00:00-04:00,16.454999923706055,16.746000289916992,15.770000457763672,16.270000457763672,1593100,0.0,0.0,21.718999910354615,8.238071082429398,21.718999910354615,35.19992873827983,-0.7595122841147912,0.10509605388879337,-0.8646083380035846,17.624160590204585,17.30707032787568,44.071556109015695
2025-03-14 00:00:00-04:00,16.375,19.25,15.550000190734863,18.399999618530273,7906700,0.0,0.0,21.78049988746643,8.372114982332803,21.78049988746643,35.18888479260006,-0.660833476254755,-0.04808985213991632,-0.6127436241148386,78.12096959092406,39.80209369187128,49.501366067381255
2025-03-17 00:00:00-04:00,18.68000030517578,20.5,18.0,18.010000228881836,3832900,0.0,0.0,21.10599989891052,8.38143382090468,21.10599989891052,33.83056597691636,-0.6071012165499887,-0.1598921250219308,-0.44720909152805793,51.50925686209034,49.08479568107299,48.571537420061375
2025-03-18 00:00:00-04:00,17.700000762939453,17.770000457763672,16.65999984741211,16.780000686645508,1285800,0.0,0.0,19.92499985694885,10.671530693565053,19.92499985694885,29.17846902033265,-0.6562043815004373,-0.25915457631763206,-0.3970498051828052,27.55600491639053,52.39541045646831,45.65858183943727
2025-03-19 00:00:00-04:00,16.899999618530273,17.200000762939453,16.610000610351562,16.799999237060547,970800,0.0,0.0,19.06449990272522,12.360729299683147,19.06449990272522,25.768270505767294,-0.6856020835624008,-0.3444440777665858,-0.341158005795815,27.945460603316448,35.67024079393244,45.71558585077742
2025-03-20 00:00:00-04:00,16.40999984741211,16.56999969482422,15.710000038146973,15.960000038146973,888100,0.0,0.0,18.482999897003175,12.91714648073863,18.482999897003175,24.04885331326772,-0.767829825164597,-0.42912122724618806,-0.3387085979184089,11.587151713883603,22.36287241119686,43.644632443473036
2025-03-21 00:00:00-04:00,15.600000381469727,15.979999542236328,15.399999618530273,15.880000114440918,682900,0.0,0.0,18.05599989891052,13.100706203711084,18.05599989891052,23.011293594109958,-0.8298848322976902,-0.5092739482564885,-0.32061088404120164,9.411773725638765,16.31479534761294,43.44278692979294
2025-03-24 00:00:00-04:00,16.299999237060547,16.860000610351562,15.90999984741211,16.510000228881836,1818000,0.0,0.0,17.678999948501588,13.522217883244004,17.678999948501588,21.83578201375917,-0.8187896312380438,-0.5711770848527996,-0.24761254638524421,21.764716222073705,14.254547220532023,45.577324900920445
2025-03-25 00:00:00-04:00,16.459999084472656,16.600000381469727,15.850000381469727,16.110000610351562,714800,0.0,0.0,17.36799998283386,13.754422136125914,17.36799998283386,20.98157782954181,-0.8326746754046859,-0.6234766029631769,-0.209198072441509,13.92158703362057,15.032692327111013,44.4307481217875
2025-03-26 00:00:00-04:00,16.09000015258789,16.25,14.885000228881836,14.949999809265137,1107400,0.0,0.0,16.948499965667725,14.420573629918177,16.948499965667725,19.476426301417273,-0.9265997776116066,-0.6841012378928628,-0.2424985397187438,1.157606109222634,12.281303121638969,41.19425727470627
2025-03-27 00:00:00-04:00,14.8100004196167,15.640000343322754,14.199999809265137,15.359999656677246,1473700,0.0,0.0,16.724999952316285,14.481194974204026,16.724999952316285,18.968804930428544,-0.9569217384917117,-0.7386653380126326,-0.21825640047907913,18.41269543321714,11.163962858686782,42.780767497105344
2025-03-28 00:00:00-04:00,15.59000015258789,15.600000381469727,14.229999542236328,14.520000457763672,920500,0.0,0.0,16.453499937057494,14.54769557796113,16.453499937057494,18.35930429615386,-1.036781652616046,-0.7982886009333153,-0.23849305168273072,8.963601971140271,9.51130117119335,40.37728946672773
2025-03-31 00:00:00-04:00,13.979999542236328,14.039999961853027,13.380000114440918,13.569999694824219,1002200,0.0,0.0,16.25199990272522,14.045259484055311,16.25199990272522,18.45874032139513,-1.1633183225192756,-0.8712945452505074,-0.29202377726876816,4.9738101604244696,10.783369188260629,37.79137562213001
2025-04-01 00:00:00-04:00,13.449999809265137,14.170000076293945,12.75,13.920000076293945,1684500,0.0,0.0,16.10399994850159,13.697580335452848,16.10399994850159,18.51041956155033,-1.2212792918986448,-0.941291494580135,-0.27998779731850987,28.467150913485277,14.134854348350006,39.332931068353304
2025-04-02 00:00:00-04:00,13.449999809265137,14.260000228881836,13.359999656677246,13.710000038146973,807600,0.0,0.0,15.899499988555908,13.410616942611085,15.899499988555908,18.38838303450073,-1.2695247348611716,-1.0069381426363422,-0.2625865922248294,23.357661693019942,18.93287425564323,38.71305968351039
2025-04-03 00:00:00-04:00,12.899999618530273,13.399999618530273,12.859999656677246,12.880000114440918,978200,0.0,0.0,15.746000003814697,12.931172178403855,15.746000003814697,18.560827829225538,-1.3590671728640782,-1.0773639486818893,-0.28170322418218885,3.1630193463596097,18.32927731762161,36.27945835305136
2025-04-04 00:00:00-04:00,12.5,12.597999572753906,10.579999923706055,11.229999542236328,1567700,0.0,0.0,15.488000011444091,12.074364897015698,15.488000011444091,18.901635125872485,-1.5453575369127162,-1.1709626663280548,-0.37439487058466137,10.797335034950102,12.439338691443218,31.97609437849782
2025-04-07 00:00:00-04:00,10.350000381469727,11.199000358581543,9.399999618530273,10.170000076293945,1477300,0.0,0.0,15.196000003814698,11.08338812165433,15.196000003814698,19.308611885975065,-1.7582589756936589,-1.2884219282011755,-0.46983704749248334,11.240881969096499,8.400412116802071,29.551015185299192
2025-04-08 00:00:00-04:00,10.710000038146973,10.710000038146973,8.61299991607666,8.84000015258789,1719800,0.0,0.0,14.822500038146973,9.904460239883203,14.822500038146973,19.740539836410743,-2.011121817932276,-1.4329619061473955,-0.5781599117848804,3.2304002093279034,8.422872404458166,26.80417377398723
2025-04-09 00:00:00-04:00,8.8100004196167,11.489999771118164,8.600000381469727,10.770000457763672,4579300,0.0,0.0,14.532000064849854,9.382597777242374,14.532000064849854,19.681402352457333,-2.0323548259065447,-1.5528404900992254,-0.4795143358073193,31.000001089913503,15.157094422779302,36.088131246791235
2025-04-10 00:00:00-04:00,10.199999809265137,10.569999694824219,9.670000076293945,9.8100004196167,1071600,0.0,0.0,14.209000062942504,8.735942876008384,14.209000062942504,19.682057249876625,-2.1024108343322236,-1.662754558945825,-0.4396562753863986,21.37809312309813,18.53616480744651,33.79218530164022
2025-04-11 00:00:00-04:00,9.899999618530273,10.140000343322754,9.569999694824219,9.949999809265137,891700,0.0,0.0,13.786500072479248,8.368451421824401,13.786500072479248,19.204548723134096,-2.122170880114492,-1.7546378231795585,-0.36753305693493354,23.85158063939989,25.409891617470507,34.44716571754974
2025-04-14 00:00:00-04:00,10.449999809265137,10.564000129699707,9.710000038146973,10.029999732971191,1004100,0.0,0.0,13.387500047683716,8.098538396505507,13.387500047683716,18.676461698861925,-2.107086353635564,-1.8251275292707598,-0.28195882436480435,25.265006891392332,23.498226884630117,34.84382966095926
2025-04-15 00:00:00-04:00,10.029999732971191,10.199999809265137,9.300000190734863,9.460000038146973,766900,0.0,0.0,13.02150001525879,7.709200098969753,13.02150001525879,18.333799931547826,-2.1167256734612927,-1.8834471581088665,-0.23327851535242616,17.916662361886083,22.34441663089277,33.29780441005303
2025-04-16 00:00:00-04:00,9.149999618530273,9.199999809265137,8.529999732971191,8.630000114440918,1235000,0.0,0.0,12.613000059127808,7.269341710588504,12.613000059127808,17.956658407667113,-2.166366437341633,-1.94003101395542,-0.22633542338621315,2.4582198969572207,15.213296383411878,31.131689443623657
2025-04-17 00:00:00-04:00,8.899999618530273,8.899999618530273,8.1899995803833,8.229999542236328,924200,0.0,0.0,12.226500034332275,6.789698363906056,12.226500034332275,17.663301704758496,-2.2124797146620203,-1.99452075409674,-0.2179589605652803,1.2121199860936953,7.195667414978999,30.11493726556192
2025-04-21 00:00:00-04:00,8.100000381469727,8.979999542236328,7.590000152587891,8.4399995803833,2285600,0.0,0.0,11.854500007629394,6.450503255727898,11.854500007629394,17.25849675953089,-2.2066427669023145,-2.036945156657855,-0.16969761024445962,21.794859254774362,8.488399712608425,31.381987979689058
2025-04-22 00:00:00-04:00,8.449999809265137,9.130000114440918,8.430000305175781,8.789999961853027,1080500,0.0,0.0,11.468499994277954,6.354725214584483,11.468499994277954,16.582274773971424,-2.1490024752137646,-2.059356620369037,-0.08964585484472742,30.769228888216155,17.925402709694737,33.54457651338072
2025-04-23 00:00:00-04:00,9.039999961853027,9.069999694824219,7.28000020980835,7.300000190734863,9500900,0.0,0.0,11.027999973297119,6.074102118867949,11.027999973297119,15.98189782772629,-2.1982130264277338,-2.0871279015807764,-0.11108512484695732,0.6079022509761032,17.72399679798887,29.309625415528643
2025-04-24 00:00:00-04:00,7.78000020980835,7.849999904632568,6.900000095367432,7.090000152587891,11191200,0.0,0.0,10.634999990463257,5.741283613209382,10.634999990463257,15.52871636771713,-2.2284695806905415,-2.1153962374027295,-0.11307334328781193,5.185591032754574,12.18757405731561,28.758550136891486
2025-04-25 00:00:00-04:00,7.260000228881836,7.380000114440918,6.920000076293945,7.039999961853027,9332500,0.0,0.0,10.219000005722046,5.595590365231486,10.219000005722046,14.842409646212607,-2.2307678127135766,-2.138470552464899,-0.09229726024867757,3.820957018934886,3.204816767555188,28.62057020901682
2025-04-28 00:00:00-04:00,7.010000228881836,7.010000228881836,6.03000020980835,6.650000095367432,13361000,0.0,0.0,9.825499987602234,5.397816762588315,9.825499987602234,14.253183212616152,-2.2382576668932828,-2.158427975350576,-0.0798296915427068,14.868104199334875,7.958217417008112,27.511790517014646
2025-04-29 00:00:00-04:00,6.699999809265137,7.139999866485596,6.460000038146973,6.699999809265137,7070400,0.0,0.0,9.48199999332428,5.206265621514713,9.48199999332428,13.757734365133846,-2.214629995220095,-2.16966837932448,-0.0449616158956152,21.135636722843707,13.27489931370449,27.897451179156533
2025-04-30 00:00:00-04:00,6.670000076293945,6.670000076293945,6.28000020980835,6.489999771118164,5023700,0.0,0.0,9.11049997806549,5.163209832716007,9.11049997806549,13.057790123414975,-2.187632477775959,-2.173261199014776,-0.01437127876118316,14.838695982616056,16.94747896826488,27.241892188832466
2025-05-01 00:00:00-04:00,6.5,6.849999904632568,6.340000152587891,6.579999923706055,4353300,0.0,0.0,8.753999972343445,5.272285391890511,8.753999972343445,12.235714552796379,-2.1343707926457522,-2.1654831177409712,0.031112325095218996,17.741926800571775,17.905419835343846,28.0225349808741
2025-05-02 00:00:00-04:00,6.704999923706055,7.460000038146973,6.650000095367432,7.349999904632568,14355200,0.0,0.0,8.477499961853027,5.510010248300091,8.477499961853027,11.444989675405964,-2.0068937383798477,-2.1337652418687467,0.12687150348889897,42.580636626847685,25.053753136678505,34.49781965977182
2025-05-05 00:00:00-04:00,7.400000095367432,7.400000095367432,6.809999942779541,6.849999904632568,10756000,0.0,0.0,8.25849997997284,5.496498580437196,8.25849997997284,11.020501379508483,-1.9240340093865642,-2.0918189953723103,0.1677849859857461,26.973678741262624,29.098747389560696,32.45598272206597
2025-05-06 00:00:00-04:00,7.664999961853027,9.119999885559082,6.929999828338623,9.020000457763672,49849000,0.0,0.0,8.200999999046326,5.55512834461963,8.200999999046326,10.846871653473023,-1.6640836475678444,-2.0062719258114172,0.3421882782435728,96.76377222366165,55.43936253059065,47.092062392933244
2025-05-07 00:00:00-04:00,9.420000076293945,9.430000305175781,8.130000114440918,8.3100004196167,35067800,0.0,0.0,8.174500012397766,5.544188283035476,8.174500012397766,10.804811741760057,-1.4980930976467501,-1.9046361601784838,0.40654306253173367,67.05882781929611,63.59875959474013,43.75153967630485
2025-05-08 00:00:00-04:00,8.470000267028809,8.600000381469727,7.769999980926514,8.270000457763672,24132500,0.0,0.0,8.049500012397766,5.7020462113071195,8.049500012397766,10.396953813488413,-1.354162115632496,-1.7945413512692863,0.44037923563679016,65.88235838602968,76.56831947632914,43.564048497324684
2025-05-09 00:00:00-04:00,8.28499984741211,9.109999656677246,7.900000095367432,8.010000228881836,23542700,0.0,0.0,7.959500002861023,5.755281535647661,7.959500002861023,10.163718470074384,-1.2467043888297669,-1.6849739587813826,0.4382695699516157,54.92063386339963,62.62060668957514,42.29529176235529
2025-05-12 00:00:00-04:00,8.510000228881836,10.489999771118164,8.25,10.210000038146973,47692700,0.0,0.0,7.972500014305115,5.718961633021209,7.972500014305115,10.22603839558902,-0.972807844426649,-1.542540735910436,0.5697328914837869,93.34917429577884,71.38405551506939,54.397670774808134
2025-05-13 00:00:00-04:00,10.5,10.579999923706055,9.420000076293945,9.59000015258789,24814700,0.0,0.0,7.95050003528595,5.770339591506852,7.95050003528595,10.130660479065048,-0.7965890857573914,-1.393350405879827,0.5967613201224355,76.65094753396453,74.97358523104766,51.14234971830253
2025-05-14 00:00:00-04:00,10.25,10.880000114440918,9.260000228881836,9.4399995803833,27495900,0.0,0.0,7.949500012397766,5.772093461549367,7.949500012397766,10.126906563246166,-0.6614138750583987,-1.2469630997155414,0.5855492246571428,65.95743433653634,78.65251872209323,50.35718467691717
2025-05-15 00:00:00-04:00,9.234999656677246,9.234999656677246,8.28499984741211,8.760000228881836,16943600,0.0,0.0,7.956000018119812,5.76974835607631,7.956000018119812,10.142251680163314,-0.6022148534047922,-1.1180134504533916,0.5157985970485994,47.911552920311145,63.506644930270674,46.846004626385316
2025-05-16 00:00:00-04:00,9.010000228881836,9.039999961853027,8.579999923706055,8.734999656677246,15442400,0.0,0.0,7.9812500238418576,5.771385996766113,7.9812500238418576,10.191114050917601,-0.5509653538417361,-1.0046038311310606,0.4536384772893245,45.69619487596863,53.18839404427204,46.717033335132925
2025-05-19 00:00:00-04:00,8.319999694824219,8.654999732971191,8.119999885559082,8.550000190734863,9338800,0.0,0.0,7.986750054359436,5.771804651835161,7.986750054359436,10.20169545688371,-0.5192915967225904,-0.9075413842493666,0.3882497875267762,25.08039152162104,39.562713105966935,45.71409139520403
2025-05-20 00:00:00-04:00,8.835000038146973,9.020000457763672,8.149999618530273,8.449999809265137,23345000,0.0,0.0,7.9697500467300415,5.774595127497195,7.9697500467300415,10.164904965962888,-0.4965353605017828,-0.82534017949985,0.3288048189980671,21.864945310153427,30.880510569247694,45.149840030932026
2025-05-21 00:00:00-04:00,8.710000038146973,11.015000343322754,8.600000381469727,10.260000228881836,72021500,0.0,0.0,8.11775004863739,5.732288809668702,8.11775004863739,10.503211287606078,-0.32866038001176534,-0.726004219602233,0.3973438395904677,75.7624380628381,40.90259163153752,55.78716824158358
2025-05-22 00:00:00-04:00,10.119999885559082,10.380000114440918,9.279999732971191,10.079999923706055,25315100,0.0,0.0,8.267250037193298,5.785344462642844,8.267250037193298,10.749155611743753,-0.2077479794138153,-0.6223529715645495,0.4146049921507342,67.70292670906976,55.110103360687084,54.65205188401634
2025-05-23 00:00:00-04:00,9.640000343322754,9.979999542236328,9.100000381469727,9.109999656677246,17287100,0.0,0.0,8.370750021934509,5.9298847801887815,8.370750021934509,10.811615263680235,-0.18802748196286245,-0.5354878736442121,0.3474603916813497,34.1968778783171,59.22074755007498,48.88011492546566
2025-05-27 00:00:00-04:00,9.5,11.199999809265137,9.5,10.770000457763672,41499100,0.0,0.0,8.576750040054321,6.057392271235024,8.576750040054321,11.096107808873619,-0.03801247011874942,-0.43599279293911963,0.3979803228203702,86.03898174828323,62.64626211189003,57.209028904433914
2025-05-28 00:00:00-04:00,11.204999923706055,11.9399995803833,10.329999923706055,10.550000190734863,32193500,0.0,0.0,8.769250059127808,6.264605676462738,8.769250059127808,11.273894441792878,0.0624039705103101,-0.3363134402492337,0.3987174107595438,63.61257851586295,61.28281271415443,55.90892154510275
2025-05-29 00:00:00-04:00,11.260000228881836,11.850000381469727,10.079999923706055,10.170000076293945,31921600,0.0,0.0,8.953250074386597,6.609909892467945,8.953250074386597,11.29659025630525,0.11005326420433903,-0.24704009935851914,0.35709336356285815,53.6649307462627,67.7721636701363,53.64135729234311
2025-05-30 00:00:00-04:00,9.925000190734863,10.640000343322754,9.529999732971191,9.899999618530273,19990800,0.0,0.0,9.119250059127808,7.013585576646227,9.119250059127808,11.224914541609389,0.1245926656050731,-0.17271354636580072,0.2973062119708738,46.59685537103426,54.6247882110533,52.02673654657252
2025-06-02 00:00:00-04:00,9.619999885559082,9.885000228881836,9.449999809265137,9.800000190734863,10108700,0.0,0.0,9.241750073432922,7.282047844708941,9.241750073432922,11.201452302156902,0.12658691274042866,-0.11285345454455485,0.23944036728498352,43.53563558871021,47.932473902002386,51.40952778484382
2025-06-03 00:00:00-04:00,10.069999694824219,10.109999656677246,9.369999885559082,9.609999656677246,12240200,0.0,0.0,9.379750061035157,7.752702238728298,9.379750061035157,11.006797883342017,0.11155003341748859,-0.06797275695214616,0.17952279036963475,30.239506510541958,40.123999156762146,50.19117009683573
2025-06-04 00:00:00-04:00,9.75,10.460000038146973,8.979999542236328,9.15999984741211,22762900,0.0,0.0,9.386750030517579,7.76475659845654,9.386750030517579,11.008743462578618,0.06260035647474638,-0.04185813426676766,0.10445849074151403,6.081091312703683,26.61874447065195,47.33020990295963
2025-06-05 00:00:00-04:00,9.199999809265137,9.239999771118164,8.61299991607666,8.75,16795200,0.0,0.0,9.408750009536742,7.834539454147292,9.408750009536742,10.982960564926193,-0.009170464928933697,-0.03532060039920087,0.02615013547026717,4.117826803324646,13.47947487552343,44.82326914134918
2025-06-06 00:00:00-04:00,8.800000190734863,9.199999809265137,8.720000267028809,8.819999694824219,10225700,0.0,0.0,9.43624997138977,7.924598834594631,9.43624997138977,10.94790110818491,-0.05971263749650646,-0.04019900781866199,-0.019513629677844473,6.221815438346254,5.473577851458194,45.355438325796726
2025-06-09 00:00:00-04:00,9.010000228881836,9.3100004196167,8.84000015258789,9.149999618530273,9087300,0.0,0.0,9.493249940872193,8.12151987974803,9.493249940872193,10.864980001996356,-0.07230593961139853,-0.0466203941772093,-0.02568554543418923,16.140659953012833,8.82676739822791,47.90626880846001
2025-06-10 00:00:00-04:00,9.1899995803833,9.25,8.774999618530273,8.920000076293945,7626000,0.0,0.0,9.428749942779541,8.076722094458729,9.428749942779541,10.780777791100354,-0.09969602937141886,-0.05723552121605121,-0.04246050815536765,9.484093792986414,10.6155230614485,46.28457540137354
2025-06-11 00:00:00-04:00,9.050000190734863,9.34000015258789,8.729999542236328,8.779999732971191,8785800,0.0,0.0,9.388249921798707,8.009702375738057,9.388249921798707,10.766797467859357,-0.13118748287443083,-0.07202591354772714,-0.05916156932670369,8.238765747149799,11.28783983104968,45.27980289221766
2025-06-12 00:00:00-04:00,8.670000076293945,8.739999771118164,8.369999885559082,8.529999732971191,8066400,0.0,0.0,9.3427499294281,7.914850979425438,9.3427499294281,10.770648879430762,-0.17430827997366194,-0.0924823868329141,-0.08182589314074784,7.655494532571854,8.459451357569355,43.465251598465535
2025-06-13 00:00:00-04:00,8.170000076293945,8.260000228881836,7.809999942779541,7.849999904632568,11007900,0.0,0.0,9.297249913215637,7.745362194943008,9.297249913215637,10.849137631488267,-0.2603509616713122,-0.12605610180059373,-0.13429485987071849,1.509432468434731,5.801230916052128,38.89903011992337
2025-06-16 00:00:00-04:00,8.234999656677246,8.279999732971191,7.96999979019165,8.15999984741211,8118700,0.0,0.0,9.26849992275238,7.6558959060894525,9.26849992275238,10.881103939415308,-0.30006701643581835,-0.16085828472763866,-0.13920873170817968,13.207543095731085,7.45749003224589,41.895841993875365
2025-06-17 00:00:00-04:00,8.0,8.010000228881836,7.659999847412109,7.71999979019165,8244800,0.0,0.0,9.22699990272522,7.503652907185826,9.22699990272522,10.950346898264614,-0.36286373608444933,-0.20125937499900082,-0.1616043610854485,3.571424516691568,6.096133360285795,38.97396599308656
2025-06-18 00:00:00-04:00,7.590000152587891,7.824999809265137,7.460000038146973,7.659999847412109,6810100,0.0,0.0,9.187499904632569,7.361565657935761,9.187499904632569,11.013434151329378,-0.41271456616098057,-0.24355041323139678,-0.16916415292958378,10.638287079286346,9.139084897236332,38.578851518748976
2025-06-20 00:00:00-04:00,7.679999828338623,7.769999980926514,7.360000133514404,7.510000228881836,6759400,0.0,0.0,9.049999904632568,7.154964148614744,9.049999904632568,10.94503566065039,-0.4590339659480165,-0.28664712377472074,-0.17238684217329575,7.575762319316649,7.261824638431521,37.553844720813764
2025-06-23 00:00:00-04:00,7.53000020980835,7.820000171661377,7.230999946594238,7.489999771118164,9504000,0.0,0.0,8.920499897003173,6.97149512940082,8.920499897003173,10.869504664605527,-0.4916884157913941,-0.32765538217805545,-0.16403303361333865,12.280692234541457,10.164913877714817,37.41111560524349
2025-06-24 00:00:00-04:00,7.690000057220459,8.324999809265137,7.519999980926514,8.0600004196167,13147600,0.0,0.0,8.867999935150147,6.885954416376272,8.867999935150147,10.850045453924022,-0.46619896247459813,-0.35536409823736403,-0.1108348642372341,39.307747370839095,19.721400641565733,43.94932887694846
2025-06-25 00:00:00-04:00,8.34000015258789,8.4399995803833,7.730000019073486,7.860000133514404,12559500,0.0,0.0,8.722499918937682,6.8994489207384,8.722499918937682,10.545550917136966,-0.4568702231550734,-0.3756653232209059,-0.08120489993416752,41.68325116396944,31.09056358978333,42.28038861000891
2025-06-26 00:00:00-04:00,7.885000228881836,8.420000076293945,7.739999771118164,8.25,9930700,0.0,0.0,8.60749990940094,6.980442836260274,8.60749990940094,10.234556982541605,-0.4132437830779043,-0.3831810151923056,-0.03006276788559875,84.28456261911073,55.09185371797309,46.54332645608297
2025-06-27 00:00:00-04:00,8.319999694824219,8.479999542236328,7.849999904632568,8.029999732971191,6991400,0.0,0.0,8.500499892234803,7.024038365133607,8.500499892234803,9.976961419336,-0.3919040717482005,-0.3849256265034846,-0.006978445244715914,63.97118054839727,63.31299811049248,44.54472888536743
2025-06-30 00:00:00-04:00,8.029999732971191,8.029999732971191,7.795000076293945,7.880000114440918,4532300,0.0,0.0,8.399499917030335,7.048789452455111,8.399499917030335,9.750210381605559,-0.3826845629624067,-0.38447741379526906,0.0017928508328623471,51.96159951621438,66.73911422790745,43.18317711991242
2025-07-01 00:00:00-04:00,7.710000038146973,7.769999980926514,7.510000228881836,7.639999866485596,4836400,0.0,0.0,8.291499900817872,7.0664078197351285,8.291499900817872,9.516591981900616,-0.3902455423778086,-0.385631039511777,-0.0046145028660316,32.7462011451731,49.55966040326158,41.022611973419046
2025-07-02 00:00:00-04:00,7.840000152587891,8.0600004196167,7.71999979019165,8.020000457763672,6546800,0.0,0.0,8.211999940872193,7.143064161284995,8.211999940872193,9.280935720459391,-0.3614087065200824,-0.38078657291343815,0.019377866393355758,63.17059780662472,49.2927994893374,45.65858580759197
2025-07-03 00:00:00-04:00,8.029999732971191,8.239999771118164,7.900000095367432,8.140000343322754,3364900,0.0,0.0,8.160999965667724,7.184518662801261,8.160999965667724,9.137481268534186,-0.3251244857719051,-0.3696541554851316,0.04452966971322647,72.77827790338185,56.231692285059886,47.07343576674776
2025-07-07 00:00:00-04:00,7.949999809265137,8.350000381469727,7.900000095367432,7.989999771118164,4887200,0.0,0.0,8.122999954223634,7.182678872577958,8.122999954223634,9.06332103586931,-0.30495741276020283,-0.35671480694014585,0.05175739417994302,49.484523919545225,61.811133209850595,45.47942524052824
2025-07-08 00:00:00-04:00,8.0600004196167,8.619999885559082,8.041000366210938,8.5600004196167,8834700,0.0,0.0,8.109999990463256,7.201947186917392,8.109999990463256,9.01805279400912,-0.2402115640786704,-0.33341415836785077,0.09320259428918037,94.59464103601711,72.28581428631473,52.11504495713635
2025-07-09 00:00:00-04:00,8.640000343322754,8.789999961853027,8.345000267028809,8.569999694824219,9279500,0.0,0.0,8.080999994277954,7.276515068851106,8.080999994277954,8.885484919704803,-0.1859496428548919,-0.303921255265259,0.11797161241036708,82.81247555277731,75.63054683611321,52.22489508529188
2025-07-10 00:00:00-04:00,8.65999984741211,8.979999542236328,8.3100004196167,8.850000381469727,7555100,0.0,0.0,8.077500009536744,7.2871614192844785,8.077500009536744,8.867838599789009,-0.11898142025080816,-0.26693328826236884,0.14795186801156068,91.15651554489862,89.521210711231,55.31610012058888
2025-07-11 00:00:00-04:00,8.779999732971191,8.859999656677246,8.539999961853027,8.539999961853027,3814100,0.0,0.0,8.065500020980835,7.311749958139054,8.065500020980835,8.819250083822615,-0.08988690416004275,-0.23152401144190365,0.1416371072818609,70.06804177484712,81.34567762417434,51.35431452975071
2025-07-14 00:00:00-04:00,8.520000457763672,8.704999923706055,8.460000038146973,8.614999771118164,3580200,0.0,0.0,8.069750022888183,7.30469779868286,8.069750022888183,8.834802247093505,-0.06008481241923391,-0.19723617163736973,0.13715135921813582,75.17007199920073,78.79820977298215,52.24543590235763
2025-07-15 00:00:00-04:00,8.789999961853027,8.9399995803833,8.395000457763672,8.59000015258789,5458000,0.0,0.0,8.10675003528595,7.316621616174467,8.10675003528595,8.896878454397434,-0.03804513959999589,-0.16539796522989497,0.12735282562989908,69.04766139711045,71.42859172371942,51.90412331994366
2025-07-16 00:00:00-04:00,8.579999923706055,8.779999732971191,8.119999885559082,8.779999732971191,7158800,0.0,0.0,8.137750029563904,7.294811809588656,8.137750029563904,8.980688249539151,-0.005187365142951705,-0.13335584521250632,0.1281684800695546,81.48148965770581,75.23307435133898,54.34526887087521
2025-07-17 00:00:00-04:00,8.859999656677246,9.279999732971191,8.84000015258789,9.260000228881836,9806800,0.0,0.0,8.214750051498413,7.264058261979805,8.214750051498413,9.16544184101702,0.058905658565755914,-0.09490354445685387,0.15380920302260978,98.55076019265609,83.02663708249077,59.88474969403286
2025-07-18 00:00:00-04:00,9.3100004196167,9.350000381469727,9.039999961853027,9.100000381469727,5694600,0.0,0.0,8.286750078201294,7.297678324063439,8.286750078201294,9.27582183233915,0.0956861803836837,-0.056785599488746355,0.15247177987243005,80.90145171231529,86.97790052089239,57.385288441930776
2025-07-21 00:00:00-04:00,9.625,10.029999732971191,9.15999984741211,9.229999542236328,10278900,0.0,0.0,8.372750043869019,7.369777061655214,8.372750043869019,9.375723026082822,0.1337826911525184,-0.018671941360493403,0.1524546325130118,58.11516991381979,79.18912727293038,58.886761424080845
2025-07-22 00:00:00-04:00,9.295000076293945,9.609999656677246,9.050000190734863,9.479999542236328,7337300,0.0,0.0,8.472250032424927,7.444775218291297,8.472250032424927,9.499724846558559,0.18204881564487962,0.021472210040581204,0.16057660560429843,71.20417619508882,70.0735992737413,61.682756311712296
2025-07-23 00:00:00-04:00,9.670000076293945,10.114999771118164,9.59000015258789,9.989999771118164,11538500,0.0,0.0,8.56875,7.366594259706941,8.56875,9.770905740293058,0.25847330391129475,0.06887242881472391,0.18960087509657084,93.73433548017624,74.35122719636162,66.66345548200158
2025-07-24 00:00:00-04:00,9.970000267028809,10.425000190734863,9.920000076293945,10.319999694824219,12127000,0.0,0.0,8.691749978065491,7.314226014724447,8.691749978065491,10.069273941406536,0.341729255254279,0.12344379410263494,0.21828546115164404,95.44466455492997,86.79439207673168,69.43223216281683
2025-07-25 00:00:00-04:00,10.170000076293945,10.545000076293945,10.039999961853027,10.34000015258789,8814400,0.0,0.0,8.796249985694885,7.260604068779434,8.796249985694885,10.331895902610336,0.40465940458672023,0.17968691619945198,0.22497248838726824,91.54639556362541,93.57513186624386,69.59704609009411
2025-07-28 00:00:00-04:00,11.0,11.5,10.109999656677246,10.255000114440918,16782000,0.0,0.0,8.907500004768371,7.289827413411523,8.907500004768371,10.52517259612522,0.4425715196293396,0.2322638368854295,0.2103076827439101,63.16568510634456,83.38558174163332,67.92095418510428
2025-07-29 00:00:00-04:00,10.220000267028809,10.279999732971191,9.789999961853027,9.949999809265137,10960200,0.0,0.0,9.010999989509582,7.4046919278314896,9.010999989509582,10.617308051187674,0.44290068490934154,0.2743912064902119,0.1685094784191296,41.729312795155046,65.480464488375,62.13823904200675
2025-07-30 00:00:00-04:00,9.789999961853027,9.8100004196167,9.149999618530273,9.350000381469727,7760200,0.0,0.0,9.096500015258789,7.613920993053552,9.096500015258789,10.579079037464027,0.3902480744651591,0.29756258008520137,0.09268549437995771,12.601642878437152,39.16554692664558,52.64303714014157
2025-07-31 00:00:00-04:00,10.170000076293945,10.210000038146973,9.029999732971191,9.180000305175781,17005700,0.0,0.0,9.154500007629395,7.756569837395959,9.154500007629395,10.552430177862831,0.33098749809410144,0.30424756368698136,0.02673993440712008,6.072897003571066,20.134617559054423,50.297849261587416
2025-08-01 00:00:00-04:00,8.920000076293945,8.920000076293945,8.399999618530273,8.649999618530273,7975900,0.0,0.0,9.17999997138977,7.839600783466137,9.17999997138977,10.520399159313405,0.23850707723799935,0.291099466397185,-0.052592389159185626,8.06451513665536,8.913018339554526,43.753565099940644
2025-08-04 00:00:00-04:00,8.84000015258789,8.890000343322754,8.630000114440918,8.699999809265137,5591200,0.0,0.0,9.215499973297119,7.968708523918639,9.215499973297119,10.4622914226756,0.16732149688528253,0.2663438724948045,-0.09902237560952198,9.6774243167232,7.93827881898321,44.48737640632778
2025-08-05 00:00:00-04:00,8.729999542236328,8.729999542236328,8.5,8.680000305175781,4675900,0.0,0.0,9.221499967575074,7.986282996976582,9.221499967575074,10.456716938173566,0.1080471188253398,0.2346845217609116,-0.1266374029355718,9.032279102906369,8.924739518761642,44.23876295530142
2025-08-06 00:00:00-04:00,8.770000457763672,8.885000228881836,8.619999885559082,8.670000076293945,4760100,0.0,0.0,9.226499986648559,8.001101737657926,9.226499986648559,10.451898235639192,0.0595780337812446,0.1996632241649782,-0.1400851903837336,8.709691114156032,9.139798177928535,44.10603535411432
2025-08-07 00:00:00-04:00,8.729999542236328,9.329999923706055,8.729999542236328,9.180000305175781,7936200,0.0,0.0,9.242999982833862,8.029495173338532,9.242999982833862,10.456504792329191,0.06160850639218651,0.17205228061041986,-0.11044377421823334,25.161309376217087,14.301093197759831,52.01326867389415
2025-08-08 00:00:00-04:00,9.3100004196167,9.34000015258789,8.890000343322754,9.1899995803833,5016500,0.0,0.0,9.275499963760376,8.104991984180751,9.275499963760376,10.446007943340001,0.06329490425045137,0.15030080533842616,-0.08700590108797479,42.0212720086967,25.297424166356606,52.15618054803624
2025-08-11 00:00:00-04:00,9.15999984741211,9.239999771118164,8.789999961853027,8.800000190734863,4594800,0.0,0.0,9.284749984741211,8.132485004521655,9.284749984741211,10.437014964960767,0.032783784261461335,0.1267974011230332,-0.09401361686157186,22.099474003950636,29.760685129621475,46.357285688565014
2025-08-12 00:00:00-04:00,8.880000114440918,9.34000015258789,8.619999885559082,9.3100004196167,6298400,0.0,0.0,9.320749998092651,8.213445779807529,9.320749998092651,10.428054216377774,0.04918923518645535,0.11127576793571764,-0.06208653274926229,50.276275697170014,38.13234056993912,53.61945585583813
2025-08-13 00:00:00-04:00,9.300000190734863,9.989999771118164,9.149999618530273,9.970000267028809,10893000,0.0,0.0,9.380250024795533,8.26769232668797,9.380250024795533,10.492807722903096,0.11413150809576145,0.1118469159677264,0.002284592128035043,98.74216967483908,57.03930645865324,60.981300007538806
2025-08-14 00:00:00-04:00,9.5,9.718999862670898,9.359999656677246,9.649999618530273,4409000,0.0,0.0,9.399749994277954,8.28264453714345,9.399749994277954,10.516855451412459,0.13818444501803562,0.11711442177778826,0.021070023240247357,77.18119430765154,75.39987989322022,56.31406802768547
2025-08-15 00:00:00-04:00,9.869999885559082,10.095000267028809,9.680000305175781,9.920000076293945,8422100,0.0,0.0,9.440749979019165,8.310545275942609,9.440749979019165,10.57095468209572,0.17699308516315249,0.1290901544548611,0.04790293070829138,89.02820304470191,88.31718900906418,59.15462755572243
2025-08-18 00:00:00-04:00,9.960000038146973,10.020000457763672,9.598999977111816,9.890000343322754,3878700,0.0,0.0,9.473750019073487,8.331607869896526,9.473750019073487,10.615892168250447,0.20298855859922327,0.14386983528373354,0.05911872331548973,86.10170368215175,84.10370034483508,58.69793630192403
2025-08-19 00:00:00-04:00,9.899999618530273,10.0600004196167,9.295000076293945,9.385000228881836,5915000,0.0,0.0,9.469000053405761,8.32621138791461,9.469000053405761,10.611788718896912,0.18075721317522486,0.1512473108620318,0.02950990231319306,51.864416642420714,75.6647744564248,51.49138744845549
2025-08-20 00:00:00-04:00,9.229999542236328,9.234999656677246,8.84000015258789,9.010000228881836,4930000,0.0,0.0,9.420000076293945,8.286770192484603,9.420000076293945,10.553229960103288,0.1313650512256519,0.14727085893475583,-0.015905807709103936,26.440694404034527,54.80227157620234,46.88787301432654
2025-08-21 00:00:00-04:00,8.989999771118164,9.180000305175781,8.918999671936035,9.100000381469727,2870800,0.0,0.0,9.359000110626221,8.297017961727628,9.359000110626221,10.420982259524814,0.09834995017558157,0.13748667718292099,-0.03913672700733942,32.542398086186274,36.949169710880504,48.08743869833655
2025-08-22 00:00:00-04:00,9.180000305175781,9.569999694824219,9.069999694824219,9.520000457763672,3470800,0.0,0.0,9.31800012588501,8.351669905166403,9.31800012588501,10.284330346603618,0.10486690045124725,0.13096272183658625,-0.026095821385339002,61.01697216564833,40.00002155195638,53.379206805609726
2025-08-25 00:00:00-04:00,9.609999656677246,9.930000305175781,9.449999809265137,9.600000381469727,3755000,0.0,0.0,9.28525013923645,8.407859187555635,9.28525013923645,10.162641090917264,0.11515946907737984,0.12780207128474497,-0.012642602207365128,60.55778163975735,51.37238396386399,54.33407944903298
2025-08-26 00:00:00-04:00,9.5,9.800000190734863,9.399999618530273,9.760000228881836,2683100,0.0,0.0,9.275750160217285,8.423604052763336,9.275750160217285,10.127896267671234,0.1346746093150326,0.1291765788908025,0.00549803042423011,73.3067723028687,64.96050870275813,56.26348977877988
2025-08-27 00:00:00-04:00,9.520000457763672,9.569999694824219,9.109999656677246,9.5,4024000,0.0,0.0,9.2832501411438,8.425996987955878,9.2832501411438,10.14050329433172,0.12768873672073866,0.12887901045678973,-0.001190273736051073,52.589624480323536,62.15139280764987,52.38985705256163
2025-08-28 00:00:00-04:00,9.520000457763672,9.670000076293945,9.40999984741211,9.569999694824219,2893900,0.0,0.0,9.30275011062622,8.438068129205844,9.30275011062622,10.167432092046598,0.12634435365739094,0.12837207909690998,-0.0020277254395190403,59.836014955486085,61.91080391289277,53.321639381252645
2025-08-29 00:00:00-04:00,9.550000190734863,9.699999809265137,9.295000076293945,9.359999656677246,2321900,0.0,0.0,9.338250112533569,8.527033255232334,9.338250112533569,10.149466969834803,0.10709910059424033,0.12411748339637606,-0.01701838280213573,42.6229008421255,51.68284675931171,50.15061790733578
2025-09-02 00:00:00-04:00,9.100000381469727,9.17300033569336,8.920000076293945,9.15999984741211,3980900,0.0,0.0,9.361250114440917,8.599122349103988,9.361250114440917,10.123377879777847,0.07484600756242443,0.11426318822958574,-0.03941718066716131,29.357766057598422,43.938893951736674,47.26755749978958
2025-09-03 00:00:00-04:00,9.119999885559082,9.319999694824219,8.979999542236328,8.989999771118164,2668500,0.0,0.0,9.376750087738037,8.659377913084384,9.376750087738037,10.09412226239169,0.0351622846272992,0.09844300750912843,-0.06328072288182923,7.022755164317699,26.334474021347205,44.904514227804505
2025-09-04 00:00:00-04:00,8.979999542236328,8.994999885559082,8.739999771118164,8.869999885559082,2822700,0.0,0.0,9.386750078201294,8.704340468453097,9.386750078201294,10.06915968794949,-0.005902301530316123,0.07757394570123953,-0.08347624723155565,10.9243744620558,15.768298561323974,43.260460338901154
2025-09-05 00:00:00-04:00,9.039999961853027,9.079999923706055,8.779999732971191,9.069999694824219,2735300,0.0,0.0,9.381250047683716,8.690541034076253,9.381250047683716,10.07195906129118,-0.0220537469086608,0.05764840717925947,-0.07970215408792027,27.731073580348227,15.226067735573908,46.75914272777824
2025-09-08 00:00:00-04:00,9.069999694824219,9.4399995803833,9.050000190734863,9.180000305175781,3443500,0.0,0.0,9.38075008392334,8.689473811260287,9.38075008392334,10.072026356586393,-0.025681711015687725,0.040982383540270034,-0.06666409455595776,41.50946791292057,26.721638651774867,48.6351517269102
2025-09-09 00:00:00-04:00,9.149999618530273,9.680000305175781,9.149999618530273,9.5,5198300,0.0,0.0,9.415750074386597,8.77672510724808,9.415750074386597,10.054775041525115,-0.0027044227829016165,0.03224502227563571,-0.03494944505853732,79.16668736272305,49.46907628533062,53.741607416433915
2025-09-10 00:00:00-04:00,9.5649995803833,9.635000228881836,9.270000457763672,9.34000015258789,3463800,0.0,0.0,9.417250061035157,8.779084783837853,9.417250061035157,10.05541533823246,0.002565025159004364,0.02630902285230944,-0.023743997693305076,62.50003725290151,61.05873084284838,51.01092350270238
2025-09-11 00:00:00-04:00,9.399999618530273,9.899999618530273,9.260000228881836,9.899999618530273,5815700,0.0,0.0,9.41375002861023,8.787085214599141,9.41375002861023,10.040414842621317,0.05133660102730886,0.03131453848730932,0.02002206253999954,100.0,80.55557487187485,58.88521565889225
